AÑO,MES,DÍAS,FECHA COMPLETA,actividad,sector,notas,produccion,bloque_origen
2022,Enero,3,2022-01-03,CORTE,1.0,BIOMASA FRESCA,7525.48,1
2022,Enero,4,2022-01-04,SECADO – Día 1,1.0,REDUCCION SECADOS,6324.639999999999,1
2022,Enero,5,2022-01-05,SECADO – Día 2,1.0,REDUCCION SECADOS,5788.9,1
2022,Enero,6,2022-01-06,VOLTEO – Día 1,1.0,REDUCCION VOLTEOS,5424.5199999999995,1
2022,Enero,7,2022-01-07,VOLTEO – Día 2,1.0,REDUCCION VOLTEOS,5193.499999999999,1
2022,Enero,8,2022-01-08,Empaque – Día 1,1.0,PRODUCCION DE EMPAQUE,831.4116666666665,1
2022,Enero,11,2022-01-11,Empaque – Día 2,1.0,PRODUCCION DE EMPAQUE,775.5992349587406,1
2022,Enero,12,2022-01-12,Empaque – Día 3,1.0,PRODUCCION DE EMPAQUE,831.4116666666665,1
2022,Enero,13,2022-01-13,Empaque – Día 4,1.0,PRODUCCION DE EMPAQUE,831.4116666666665,1
2022,Enero,14,2022-01-14,Empaque – Día 5,1.0,PRODUCCION DE EMPAQUE,831.4116666666665,1
2022,Enero,15,2022-01-15,Empaque – Día 6,1.0,PRODUCCION DE EMPAQUE,831.4116666666665,1
2022,Enero,18,2022-01-18,CORTE,5.0,BIOMASA FRESCA,6616.61,1
2022,Enero,19,2022-01-19,SECADO – Día 1,5.0,REDUCCION SECADOS,5188.87,1
2022,Enero,20,2022-01-20,SECADO – Día 2,5.0,REDUCCION SECADOS,4565.7,1
2022,Enero,21,2022-01-21,VOLTEO – Día 1,5.0,REDUCCION VOLTEOS,4329.67,1
2022,Enero,22,2022-01-22,VOLTEO – Día 2,5.0,REDUCCION VOLTEOS,4193.87,1
2022,Enero,24,2022-01-24,Empaque – Día 1,5.0,PRODUCCION DE EMPAQUE,638.8623333333334,1
2022,Enero,25,2022-01-25,Empaque – Día 2,5.0,PRODUCCION DE EMPAQUE,672.4866666666667,1
2022,Enero,26,2022-01-26,Empaque – Día 3,5.0,PRODUCCION DE EMPAQUE,672.4866666666667,1
2022,Enero,27,2022-01-27,Empaque – Día 4,5.0,PRODUCCION DE EMPAQUE,640.6901712615287,1
2022,Enero,28,2022-01-28,Empaque – Día 5,5.0,PRODUCCION DE EMPAQUE,672.4866666666667,1
2022,Enero,29,2022-01-29,Empaque – Día 6,5.0,PRODUCCION DE EMPAQUE,672.4866666666667,1
2022,Septiembre,21,2022-09-21,CORTE,1.0,BIOMASA FRESCA,8574.91,1
2022,Septiembre,22,2022-09-22,SECADO – Día 1,1.0,REDUCCION SECADOS,7116.66,1
2022,Septiembre,23,2022-09-23,SECADO – Día 2,1.0,REDUCCION SECADOS,6252.889999999999,1
2022,Septiembre,24,2022-09-24,VOLTEO – Día 1,1.0,REDUCCION VOLTEOS,5849.45,1
2022,Septiembre,26,2022-09-26,VOLTEO – Día 2,1.0,REDUCCION VOLTEOS,5631.78,1
2022,Septiembre,27,2022-09-27,Empaque – Día 1,1.0,PRODUCCION DE EMPAQUE,852.3632981563886,1
2022,Septiembre,28,2022-09-28,Empaque – Día 2,1.0,PRODUCCION DE EMPAQUE,850.0940536621997,1
2022,Septiembre,29,2022-09-29,Empaque – Día 3,1.0,PRODUCCION DE EMPAQUE,854.6308003776408,1
2022,Septiembre,30,2022-09-30,Empaque – Día 4,1.0,PRODUCCION DE EMPAQUE,901.9383333333334,1
2022,Octubre,1,2022-10-01,Empaque – Día 5,1.0,PRODUCCION DE EMPAQUE,842.0574406039236,1
2022,Octubre,3,2022-10-03,Empaque – Día 6,1.0,PRODUCCION DE EMPAQUE,814.1233113393299,1
2022,Octubre,12,2022-10-12,CORTE,1.0,BIOMASA FRESCA,6657.26,1
2022,Octubre,13,2022-10-13,SECADO – Día 1,1.0,REDUCCION SECADOS,5276.79,1
2022,Octubre,14,2022-10-14,SECADO – Día 2,1.0,REDUCCION SECADOS,4612.02,1
2022,Octubre,15,2022-10-15,VOLTEO – Día 1,1.0,LLUVIA - PERDIDA TOTAL,0.0,1
2022,Diciembre,3,2022-12-03,CORTE,1.0,BIOMASA FRESCA,8207.97,1
2022,Diciembre,5,2022-12-05,SECADO – Día 1,1.0,REDUCCION SECADOS,6946.73,1
2022,Diciembre,6,2022-12-06,SECADO – Día 2,1.0,REDUCCION SECADOS,6222.73,1
2022,Diciembre,7,2022-12-07,VOLTEO – Día 1,1.0,REDUCCION VOLTEOS,5844.0599999999995,1
2022,Diciembre,9,2022-12-09,VOLTEO – Día 2,1.0,REDUCCION VOLTEOS,5556.19,1
2022,Diciembre,10,2022-12-10,Empaque – Día 1,1.0,PRODUCCION DE EMPAQUE,832.559661697699,1
2022,Diciembre,12,2022-12-12,Empaque – Día 2,1.0,PRODUCCION DE EMPAQUE,889.4216666666666,1
2022,Diciembre,13,2022-12-13,Empaque – Día 3,1.0,PRODUCCION DE EMPAQUE,786.0167239398464,1
2022,Diciembre,14,2022-12-14,Empaque – Día 4,1.0,PRODUCCION DE EMPAQUE,889.4216666666666,1
2022,Diciembre,15,2022-12-15,Empaque – Día 5,1.0,PRODUCCION DE EMPAQUE,889.4216666666666,1
2022,Diciembre,16,2022-12-16,Empaque – Día 6,1.0,PRODUCCION DE EMPAQUE,889.4216666666666,1
2022,Diciembre,19,2022-12-19,CORTE,5.0,BIOMASA FRESCA,6017.08,1
2022,Diciembre,20,2022-12-20,SECADO – Día 1,5.0,REDUCCION SECADOS,5106.18,1
2022,Diciembre,21,2022-12-21,SECADO – Día 2,5.0,REDUCCION SECADOS,4475.91,1
2022,Diciembre,22,2022-12-22,VOLTEO – Día 1,5.0,REDUCCION VOLTEOS,4185.97,1
2022,Diciembre,23,2022-12-23,VOLTEO – Día 2,5.0,REDUCCION VOLTEOS,4010.7900000000004,1
2022,Diciembre,24,2022-12-24,Empaque – Día 1,5.0,PRODUCCION DE EMPAQUE,574.1846014695321,1
2022,Diciembre,26,2022-12-26,Empaque – Día 2,5.0,PRODUCCION DE EMPAQUE,604.327948124085,1
2022,Diciembre,27,2022-12-27,Empaque – Día 3,5.0,PRODUCCION DE EMPAQUE,642.4016666666668,1
2022,Diciembre,28,2022-12-28,LLUVIA,5.0,PERDIDA 15% DE RESIDUO,0.0,1
2022,Diciembre,29,2022-12-29,Empaque – Día 4,5.0,PRODUCCION DE EMPAQUE,510.1464037760692,1
2022,Diciembre,30,2022-12-30,Empaque – Día 5,5.0,PRODUCCION DE EMPAQUE,546.0414166666667,1
2022,Diciembre,31,2022-12-31,Empaque – Día 6,5.0,PRODUCCION DE EMPAQUE,546.0414166666667,1
2023,Febrero,14,2023-02-14,CORTE,1.0,BIOMASA FRESCA,6034.0,1
2023,Febrero,15,2023-02-15,SECADO – Día 1,1.0,REDUCCION SECADOS,4671.86,1
2023,Febrero,16,2023-02-16,SECADO – Día 2,1.0,REDUCCION SECADOS,3984.3799999999997,1
2023,Febrero,17,2023-02-17,VOLTEO – Día 1,1.0,REDUCCION VOLTEOS,3731.0999999999995,1
2023,Febrero,18,2023-02-18,VOLTEO – Día 2,1.0,REDUCCION VOLTEOS,3552.1899999999996,1
2023,Febrero,20,2023-02-20,Empaque – Día 1,1.0,PRODUCCION DE EMPAQUE,534.8662390110086,1
2023,Febrero,21,2023-02-21,Empaque – Día 2,1.0,PRODUCCION DE EMPAQUE,571.3683333333332,1
2023,Febrero,22,2023-02-22,Empaque – Día 3,1.0,PRODUCCION DE EMPAQUE,571.3683333333332,1
2023,Febrero,23,2023-02-23,Empaque – Día 4,1.0,PRODUCCION DE EMPAQUE,542.7999166666665,1
2023,Febrero,24,2023-02-24,Empaque – Día 5,1.0,PRODUCCION DE EMPAQUE,571.3683333333332,1
2023,Febrero,25,2023-02-25,Empaque – Día 6,1.0,PRODUCCION DE EMPAQUE,571.3683333333332,1
2023,Febrero,28,2023-02-28,CORTE,5.0,BIOMASA FRESCA,7013.99,1
2023,Marzo,1,2023-03-01,SECADO – Día 1,5.0,REDUCCION SECADOS,5804.98,1
2023,Marzo,2,2023-03-02,SECADO – Día 2,5.0,REDUCCION SECADOS,5297.509999999999,1
2023,Marzo,3,2023-03-03,VOLTEO – Día 1,5.0,REDUCCION VOLTEOS,4968.44,1
2023,Marzo,4,2023-03-04,VOLTEO – Día 2,5.0,LLUVIA - PERDIDA TOTAL,0.0,1
2023,Agosto,29,2023-08-29,CORTE,1.0,BIOMASA FRESCA,6619.09,1
2023,Agosto,30,2023-08-30,SECADO – Día 1,1.0,REDUCCION SECADOS,5249.4800000000005,1
2023,Agosto,31,2023-08-31,SECADO – Día 2,1.0,REDUCCION SECADOS,4809.55,1
2023,Septiembre,1,2023-09-01,VOLTEO – Día 1,1.0,REDUCCION VOLTEOS,4556.01,1
2023,Septiembre,2,2023-09-02,VOLTEO – Día 2,1.0,REDUCCION VOLTEOS,4386.5,1
2023,Septiembre,4,2023-09-04,Empaque – Día 1,1.0,PRODUCCION DE EMPAQUE,607.6188577990508,1
2023,Septiembre,5,2023-09-05,Empaque – Día 2,1.0,PRODUCCION DE EMPAQUE,633.5923618467136,1
2023,Septiembre,6,2023-09-06,Empaque – Día 3,1.0,PRODUCCION DE EMPAQUE,670.5590833333332,1
2023,Septiembre,7,2023-09-07,Empaque – Día 4,1.0,PRODUCCION DE EMPAQUE,670.5590833333332,1
2023,Septiembre,8,2023-09-08,Empaque – Día 5,1.0,PRODUCCION DE EMPAQUE,670.5590833333332,1
2023,Septiembre,9,2023-09-09,Empaque – Día 6,1.0,PRODUCCION DE EMPAQUE,658.4817228550901,1
2023,Septiembre,12,2023-09-12,CORTE,5.0,BIOMASA FRESCA,8959.46,1
2023,Septiembre,13,2023-09-13,SECADO – Día 1,5.0,REDUCCION SECADOS,6886.5599999999995,1
2023,Septiembre,14,2023-09-14,SECADO – Día 2,5.0,REDUCCION SECADOS,5927.95,1
2023,Septiembre,15,2023-09-15,VOLTEO – Día 1,5.0,REDUCCION VOLTEOS,5592.66,1
2023,Septiembre,16,2023-09-16,VOLTEO – Día 2,5.0,REDUCCION VOLTEOS,5347.51,1
2023,Septiembre,18,2023-09-18,Empaque – Día 1,5.0,PRODUCCION DE EMPAQUE,813.5958333333333,1
2023,Septiembre,19,2023-09-19,Empaque – Día 2,5.0,PRODUCCION DE EMPAQUE,768.5544321092954,1
2023,Septiembre,20,2023-09-20,Empaque – Día 3,5.0,PRODUCCION DE EMPAQUE,813.5958333333333,1
2023,Septiembre,21,2023-09-21,Empaque – Día 4,5.0,PRODUCCION DE EMPAQUE,813.5958333333333,1
2023,Septiembre,22,2023-09-22,Empaque – Día 5,5.0,PRODUCCION DE EMPAQUE,813.5958333333333,1
2023,Septiembre,23,2023-09-23,Empaque – Día 6,5.0,PRODUCCION DE EMPAQUE,813.5958333333333,1
2024,Enero,17,2024-01-17,CORTE,1.0,BIOMASA FRESCA,6439.83,1
2024,Enero,18,2024-01-18,SECADO – Día 1,1.0,REDUCCION SECADOS,5110.05,1
2024,Enero,19,2024-01-19,SECADO – Día 2,1.0,REDUCCION SECADOS,4443.91,1
2024,Enero,20,2024-01-20,VOLTEO – Día 1,1.0,REDUCCION VOLTEOS,4150.51,1
2024,Enero,22,2024-01-22,VOLTEO – Día 2,1.0,REDUCCION VOLTEOS,4012.26,1
2024,Enero,23,2024-01-23,Empaque – Día 1,1.0,PRODUCCION DE EMPAQUE,648.2662913184215,1
2024,Enero,24,2024-01-24,Empaque – Día 2,1.0,PRODUCCION DE EMPAQUE,660.7713285248772,1
2024,Enero,25,2024-01-25,Empaque – Día 3,1.0,PRODUCCION DE EMPAQUE,612.78325,1
2024,Enero,26,2024-01-26,Empaque – Día 4,1.0,PRODUCCION DE EMPAQUE,612.78325,1
2024,Enero,27,2024-01-27,Empaque – Día 5,1.0,PRODUCCION DE EMPAQUE,572.5230498772171,1
2024,Enero,29,2024-01-29,Empaque – Día 6,1.0,PRODUCCION DE EMPAQUE,612.78325,1
2024,Enero,31,2024-01-31,CORTE,5.0,BIOMASA FRESCA,6694.22,1
2024,Febrero,1,2024-02-01,SECADO – Día 1,5.0,REDUCCION SECADOS,5250.42,1
2024,Febrero,2,2024-02-02,SECADO – Día 2,5.0,REDUCCION SECADOS,4601.21,1
2024,Febrero,3,2024-02-03,VOLTEO – Día 1,5.0,REDUCCION VOLTEOS,4344.98,1
2024,Febrero,5,2024-02-05,VOLTEO – Día 2,5.0,REDUCCION VOLTEOS,4193.24,1
2024,Febrero,6,2024-02-06,Empaque – Día 1,5.0,PRODUCCION DE EMPAQUE,673.6683333333333,1
2024,Febrero,7,2024-02-07,Empaque – Día 2,5.0,PRODUCCION DE EMPAQUE,639.9849166666665,1
2024,Febrero,8,2024-02-08,Empaque – Día 3,5.0,PRODUCCION DE EMPAQUE,639.9849166666665,1
2024,Febrero,9,2024-02-09,Empaque – Día 4,5.0,PRODUCCION DE EMPAQUE,639.9849166666665,1
2024,Febrero,10,2024-02-10,Empaque – Día 5,5.0,PRODUCCION DE EMPAQUE,639.9849166666665,1
2024,Febrero,12,2024-02-12,Empaque – Día 6,5.0,PRODUCCION DE EMPAQUE,639.9849166666665,1
2024,Agosto,30,2024-08-30,CORTE,1.0,BIOMASA FRESCA,7322.47,1
2024,Agosto,31,2024-08-31,SECADO – Día 1,1.0,REDUCCION SECADOS,6019.150000000001,1
2024,Septiembre,2,2024-09-02,SECADO – Día 2,1.0,REDUCCION SECADOS,5504.31,1
2024,Septiembre,3,2024-09-03,VOLTEO – Día 1,1.0,REDUCCION VOLTEOS,5132.0,1
2024,Septiembre,4,2024-09-04,VOLTEO – Día 2,1.0,LLUVIA - PERDIDA TOTAL,0.0,1
2024,Septiembre,7,2024-09-07,CORTE,5.0,BIOMASA FRESCA,7666.76,1
2024,Septiembre,9,2024-09-09,SECADO – Día 1,5.0,REDUCCION SECADOS,6417.950000000001,1
2024,Septiembre,10,2024-09-10,SECADO – Día 2,5.0,REDUCCION SECADOS,5464.420000000001,1
2024,Septiembre,11,2024-09-11,VOLTEO – Día 1,5.0,REDUCCION VOLTEOS,5145.120000000001,1
2024,Septiembre,12,2024-09-12,VOLTEO – Día 2,5.0,REDUCCION VOLTEOS,4965.31,1
2024,Septiembre,13,2024-09-13,Empaque – Día 1,5.0,PRODUCCION DE EMPAQUE,735.9963524699214,1
2024,Septiembre,14,2024-09-14,Empaque – Día 2,5.0,PRODUCCION DE EMPAQUE,759.1513333333334,1
2024,Septiembre,16,2024-09-16,Empaque – Día 3,5.0,PRODUCCION DE EMPAQUE,759.1513333333334,1
2024,Septiembre,17,2024-09-17,Empaque – Día 4,5.0,PRODUCCION DE EMPAQUE,759.1513333333334,1
2024,Septiembre,18,2024-09-18,Empaque – Día 5,5.0,PRODUCCION DE EMPAQUE,759.1513333333334,1
2024,Septiembre,19,2024-09-19,Empaque – Día 6,5.0,PRODUCCION DE EMPAQUE,709.472833088062,1
2025,Enero,11,2025-01-11,CORTE,1.0,BIOMASA FRESCA,6208.89,1
2025,Enero,14,2025-01-14,SECADO – Día 1,1.0,REDUCCION SECADOS,5100.27,1
2025,Enero,15,2025-01-15,SECADO – Día 2,1.0,REDUCCION SECADOS,4469.820000000001,1
2025,Enero,16,2025-01-16,VOLTEO – Día 1,1.0,REDUCCION VOLTEOS,4176.650000000001,1
2025,Enero,17,2025-01-17,VOLTEO – Día 2,1.0,REDUCCION VOLTEOS,4009.8700000000003,1
2025,Enero,18,2025-01-18,Empaque – Día 1,1.0,PRODUCCION DE EMPAQUE,614.5629166666668,1
2025,Enero,20,2025-01-20,Empaque – Día 2,1.0,PRODUCCION DE EMPAQUE,614.5629166666668,1
2025,Enero,21,2025-01-21,Empaque – Día 3,1.0,PRODUCCION DE EMPAQUE,614.5629166666668,1
2025,Enero,22,2025-01-22,Empaque – Día 4,1.0,PRODUCCION DE EMPAQUE,614.5629166666668,1
2025,Enero,23,2025-01-23,Empaque – Día 5,1.0,PRODUCCION DE EMPAQUE,614.5629166666668,1
2025,Enero,24,2025-01-24,LLUVIA,1.0,PERDIDA 15% DE RESIDUO,0.0,1
2025,Enero,25,2025-01-25,LLUVIA,1.0,PERDIDA 15% DE RESIDUO,0.0,1
2025,Enero,27,2025-01-27,Empaque – Día 6,1.0,PRODUCCION DE EMPAQUE,430.1940416666667,1
2025,Enero,29,2025-01-29,CORTE,5.0,BIOMASA FRESCA,6763.66,1
2025,Enero,30,2025-01-30,SECADO – Día 1,5.0,REDUCCION SECADOS,6975.849999999999,1
2025,Enero,31,2025-01-31,SECADO – Día 2,5.0,REDUCCION SECADOS,6201.41,1
2025,Febrero,1,2025-02-01,VOLTEO – Día 1,5.0,REDUCCION VOLTEOS,5241.910000000001,1
2025,Febrero,3,2025-02-03,VOLTEO – Día 2,5.0,LLUVIA - PERDIDA TOTAL,0.0,1
2022,Enero,4,2022-01-04,CORTE,2.0,BIOMASA FRESCA,7604.79,2
2022,Enero,5,2022-01-05,SECADO – Día 1,2.0,REDUCCION SECADOS,6307.5599999999995,2
2022,Enero,6,2022-01-06,SECADO – Día 2,2.0,REDUCCION SECADOS,5616.849999999999,2
2022,Enero,7,2022-01-07,VOLTEO – Día 1,2.0,REDUCCION VOLTEOS,5279.2,2
2022,Enero,8,2022-01-08,VOLTEO – Día 2,2.0,REDUCCION VOLTEOS,5025.83,2
2022,Enero,11,2022-01-11,Empaque – Día 1,2.0,PRODUCCION DE EMPAQUE,771.520771159301,2
2022,Enero,12,2022-01-12,Empaque – Día 2,2.0,PRODUCCION DE EMPAQUE,809.9549999999999,2
2022,Enero,13,2022-01-13,Empaque – Día 3,2.0,PRODUCCION DE EMPAQUE,809.9549999999999,2
2022,Enero,14,2022-01-14,Empaque – Día 4,2.0,PRODUCCION DE EMPAQUE,809.9549999999999,2
2022,Enero,15,2022-01-15,Empaque – Día 5,2.0,PRODUCCION DE EMPAQUE,809.9549999999999,2
2022,Enero,17,2022-01-17,Empaque – Día 6,2.0,PRODUCCION DE EMPAQUE,809.9549999999999,2
2022,Enero,19,2022-01-19,CORTE,6.0,BIOMASA FRESCA,7226.63,2
2022,Enero,20,2022-01-20,SECADO – Día 1,6.0,REDUCCION SECADOS,5650.41,2
2022,Enero,21,2022-01-21,SECADO – Día 2,6.0,REDUCCION SECADOS,4912.719999999999,2
2022,Enero,22,2022-01-22,VOLTEO – Día 1,6.0,REDUCCION VOLTEOS,4634.24,2
2022,Enero,24,2022-01-24,VOLTEO – Día 2,6.0,REDUCCION VOLTEOS,4468.2,2
2022,Enero,25,2022-01-25,Empaque – Día 1,6.0,PRODUCCION DE EMPAQUE,715.6349999999999,2
2022,Enero,26,2022-01-26,Empaque – Día 2,6.0,PRODUCCION DE EMPAQUE,715.6349999999999,2
2022,Enero,27,2022-01-27,Empaque – Día 3,6.0,PRODUCCION DE EMPAQUE,668.3931646274384,2
2022,Enero,28,2022-01-28,Empaque – Día 4,6.0,PRODUCCION DE EMPAQUE,715.6349999999999,2
2022,Enero,29,2022-01-29,Empaque – Día 5,6.0,PRODUCCION DE EMPAQUE,715.6349999999999,2
2022,Enero,31,2022-01-31,Empaque – Día 6,6.0,PRODUCCION DE EMPAQUE,715.6349999999999,2
2022,Septiembre,22,2022-09-22,CORTE,2.0,BIOMASA FRESCA,6256.56,2
2022,Septiembre,23,2022-09-23,SECADO – Día 1,2.0,REDUCCION SECADOS,4839.860000000001,2
2022,Septiembre,24,2022-09-24,SECADO – Día 2,2.0,REDUCCION SECADOS,4444.05,2
2022,Septiembre,26,2022-09-26,VOLTEO – Día 1,2.0,REDUCCION VOLTEOS,4148.29,2
2022,Septiembre,27,2022-09-27,VOLTEO – Día 2,2.0,REDUCCION VOLTEOS,3942.14,2
2022,Septiembre,28,2022-09-28,Empaque – Día 1,2.0,PRODUCCION DE EMPAQUE,607.3342984126627,2
2022,Septiembre,29,2022-09-29,Empaque – Día 2,2.0,PRODUCCION DE EMPAQUE,616.266943353259,2
2022,Septiembre,30,2022-09-30,Empaque – Día 3,2.0,PRODUCCION DE EMPAQUE,635.9816666666667,2
2022,Octubre,1,2022-10-01,Empaque – Día 4,2.0,PRODUCCION DE EMPAQUE,610.9371182810465,2
2022,Octubre,3,2022-10-03,Empaque – Día 5,2.0,PRODUCCION DE EMPAQUE,567.0351797709559,2
2022,Octubre,4,2022-10-04,LLUVIA,2.0,PERDIDA 15% DE RESIDUO,0.0,2
2022,Octubre,5,2022-10-05,Empaque – Día 6,2.0,PRODUCCION DE EMPAQUE,519.8121531585674,2
2022,Octubre,13,2022-10-13,CORTE,2.0,BIOMASA FRESCA,6612.99,2
2022,Octubre,14,2022-10-14,SECADO – Día 1,2.0,REDUCCION SECADOS,5379.23,2
2022,Octubre,15,2022-10-15,SECADO – Día 2,2.0,LLUVIA - PERDIDA TOTAL,0.0,2
2022,Diciembre,5,2022-12-05,CORTE,2.0,BIOMASA FRESCA,8797.86,2
2022,Diciembre,6,2022-12-06,SECADO – Día 1,2.0,REDUCCION SECADOS,7386.780000000001,2
2022,Diciembre,7,2022-12-07,SECADO – Día 2,2.0,REDUCCION SECADOS,6521.93,2
2022,Diciembre,9,2022-12-09,VOLTEO – Día 1,2.0,REDUCCION VOLTEOS,6115.31,2
2022,Diciembre,10,2022-12-10,VOLTEO – Día 2,2.0,REDUCCION VOLTEOS,5877.39,2
2022,Diciembre,12,2022-12-12,Empaque – Día 1,2.0,PRODUCCION DE EMPAQUE,946.4433333333335,2
2022,Diciembre,13,2022-12-13,Empaque – Día 2,2.0,PRODUCCION DE EMPAQUE,868.7386487970904,2
2022,Diciembre,14,2022-12-14,Empaque – Día 3,2.0,PRODUCCION DE EMPAQUE,946.4433333333335,2
2022,Diciembre,15,2022-12-15,Empaque – Día 4,2.0,PRODUCCION DE EMPAQUE,946.4433333333335,2
2022,Diciembre,16,2022-12-16,Empaque – Día 5,2.0,PRODUCCION DE EMPAQUE,946.4433333333335,2
2022,Diciembre,17,2022-12-17,Empaque – Día 6,2.0,PRODUCCION DE EMPAQUE,901.2747818212928,2
2022,Diciembre,20,2022-12-20,CORTE,6.0,BIOMASA FRESCA,8044.3,2
2022,Diciembre,21,2022-12-21,SECADO – Día 1,6.0,REDUCCION SECADOS,6295.67,2
2022,Diciembre,22,2022-12-22,SECADO – Día 2,6.0,REDUCCION SECADOS,5503.01,2
2022,Diciembre,23,2022-12-23,VOLTEO – Día 1,6.0,REDUCCION VOLTEOS,5189.99,2
2022,Diciembre,24,2022-12-24,VOLTEO – Día 2,6.0,REDUCCION VOLTEOS,4989.849999999999,2
2022,Diciembre,26,2022-12-26,Empaque – Día 1,6.0,PRODUCCION DE EMPAQUE,776.1450964970865,2
2022,Diciembre,27,2022-12-27,Empaque – Día 2,6.0,PRODUCCION DE EMPAQUE,806.3266666666665,2
2022,Diciembre,28,2022-12-28,LLUVIA,6.0,PERDIDA 15% DE RESIDUO,0.0,2
2022,Diciembre,29,2022-12-29,Empaque – Día 3,6.0,PRODUCCION DE EMPAQUE,750.1071688098777,2
2022,Diciembre,30,2022-12-30,Empaque – Día 4,6.0,PRODUCCION DE EMPAQUE,685.3776666666665,2
2022,Diciembre,31,2022-12-31,Empaque – Día 5,6.0,PRODUCCION DE EMPAQUE,685.3776666666665,2
2023,Enero,2,2023-01-02,Empaque – Día 6,6.0,PRODUCCION DE EMPAQUE,685.3776666666665,2
2023,Febrero,15,2023-02-15,CORTE,2.0,BIOMASA FRESCA,8061.65,2
2023,Febrero,16,2023-02-16,SECADO – Día 1,2.0,REDUCCION SECADOS,6473.15,2
2023,Febrero,17,2023-02-17,SECADO – Día 2,2.0,REDUCCION SECADOS,5942.459999999999,2
2023,Febrero,18,2023-02-18,VOLTEO – Día 1,2.0,REDUCCION VOLTEOS,5544.409999999999,2
2023,Febrero,20,2023-02-20,VOLTEO – Día 2,2.0,REDUCCION VOLTEOS,5341.019999999999,2
2023,Febrero,21,2023-02-21,Empaque – Día 1,2.0,PRODUCCION DE EMPAQUE,857.9099999999997,2
2023,Febrero,22,2023-02-22,Empaque – Día 2,2.0,PRODUCCION DE EMPAQUE,857.9099999999997,2
2023,Febrero,23,2023-02-23,Empaque – Día 3,2.0,PRODUCCION DE EMPAQUE,815.0144999999998,2
2023,Febrero,24,2023-02-24,Empaque – Día 4,2.0,PRODUCCION DE EMPAQUE,857.9099999999997,2
2023,Febrero,25,2023-02-25,Empaque – Día 5,2.0,PRODUCCION DE EMPAQUE,857.9099999999997,2
2023,Febrero,27,2023-02-27,Empaque – Día 6,2.0,PRODUCCION DE EMPAQUE,815.0144999999998,2
2023,Marzo,1,2023-03-01,CORTE,6.0,BIOMASA FRESCA,7063.98,2
2023,Marzo,2,2023-03-02,SECADO – Día 1,6.0,REDUCCION SECADOS,5701.87,2
2023,Marzo,3,2023-03-03,SECADO – Día 2,6.0,REDUCCION SECADOS,4894.1,2
2023,Marzo,4,2023-03-04,VOLTEO – Día 1,6.0,LLUVIA - PERDIDA TOTAL,0.0,2
2023,Agosto,30,2023-08-30,CORTE,2.0,BIOMASA FRESCA,7968.89,2
2023,Agosto,31,2023-08-31,SECADO – Día 1,2.0,REDUCCION SECADOS,6700.91,2
2023,Septiembre,1,2023-09-01,SECADO – Día 2,2.0,REDUCCION SECADOS,5860.34,2
2023,Septiembre,2,2023-09-02,VOLTEO – Día 1,2.0,REDUCCION VOLTEOS,5459.78,2
2023,Septiembre,4,2023-09-04,VOLTEO – Día 2,2.0,REDUCCION VOLTEOS,5191.0599999999995,2
2023,Septiembre,5,2023-09-05,Empaque – Día 1,2.0,PRODUCCION DE EMPAQUE,765.1687388052626,2
2023,Septiembre,6,2023-09-06,Empaque – Día 2,2.0,PRODUCCION DE EMPAQUE,793.4384166666665,2
2023,Septiembre,7,2023-09-07,Empaque – Día 3,2.0,PRODUCCION DE EMPAQUE,793.4384166666665,2
2023,Septiembre,8,2023-09-08,Empaque – Día 4,2.0,PRODUCCION DE EMPAQUE,793.4384166666665,2
2023,Septiembre,9,2023-09-09,Empaque – Día 5,2.0,PRODUCCION DE EMPAQUE,783.3794945528036,2
2023,Septiembre,11,2023-09-11,Empaque – Día 6,2.0,PRODUCCION DE EMPAQUE,793.4384166666665,2
2023,Septiembre,13,2023-09-13,CORTE,6.0,BIOMASA FRESCA,6570.29,2
2023,Septiembre,14,2023-09-14,SECADO – Día 1,6.0,REDUCCION SECADOS,5260.45,2
2023,Septiembre,15,2023-09-15,SECADO – Día 2,6.0,REDUCCION SECADOS,4779.26,2
2023,Septiembre,16,2023-09-16,VOLTEO – Día 1,6.0,REDUCCION VOLTEOS,4500.01,2
2023,Septiembre,18,2023-09-18,VOLTEO – Día 2,6.0,REDUCCION VOLTEOS,4309.77,2
2023,Septiembre,19,2023-09-19,Empaque – Día 1,6.0,PRODUCCION DE EMPAQUE,631.0054339152904,2
2023,Septiembre,20,2023-09-20,Empaque – Día 2,6.0,PRODUCCION DE EMPAQUE,659.6926666666667,2
2023,Septiembre,21,2023-09-21,Empaque – Día 3,6.0,PRODUCCION DE EMPAQUE,659.6926666666667,2
2023,Septiembre,22,2023-09-22,Empaque – Día 4,6.0,PRODUCCION DE EMPAQUE,659.6926666666667,2
2023,Septiembre,23,2023-09-23,Empaque – Día 5,6.0,PRODUCCION DE EMPAQUE,659.6926666666667,2
2023,Septiembre,25,2023-09-25,Empaque – Día 6,6.0,PRODUCCION DE EMPAQUE,621.6674144398274,2
2024,Enero,18,2024-01-18,CORTE,2.0,BIOMASA FRESCA,7495.57,2
2024,Enero,19,2024-01-19,SECADO – Día 1,2.0,REDUCCION SECADOS,5890.66,2
2024,Enero,20,2024-01-20,SECADO – Día 2,2.0,REDUCCION SECADOS,5206.11,2
2024,Enero,22,2024-01-22,VOLTEO – Día 1,2.0,REDUCCION VOLTEOS,4911.69,2
2024,Enero,23,2024-01-23,VOLTEO – Día 2,2.0,REDUCCION VOLTEOS,4692.66,2
2024,Enero,24,2024-01-24,Empaque – Día 1,2.0,PRODUCCION DE EMPAQUE,761.0152659254812,2
2024,Enero,25,2024-01-25,Empaque – Día 2,2.0,PRODUCCION DE EMPAQUE,714.2638333333332,2
2024,Enero,26,2024-01-26,Empaque – Día 3,2.0,PRODUCCION DE EMPAQUE,714.2638333333332,2
2024,Enero,27,2024-01-27,Empaque – Día 4,2.0,PRODUCCION DE EMPAQUE,686.7569856970744,2
2024,Enero,29,2024-01-29,Empaque – Día 5,2.0,PRODUCCION DE EMPAQUE,714.2638333333332,2
2024,Enero,30,2024-01-30,Empaque – Día 6,2.0,PRODUCCION DE EMPAQUE,714.2638333333332,2
2024,Febrero,1,2024-02-01,CORTE,6.0,BIOMASA FRESCA,7836.36,2
2024,Febrero,2,2024-02-02,SECADO – Día 1,6.0,REDUCCION SECADOS,6542.04,2
2024,Febrero,3,2024-02-03,SECADO – Día 2,6.0,REDUCCION SECADOS,5877.62,2
2024,Febrero,5,2024-02-05,VOLTEO – Día 1,6.0,REDUCCION VOLTEOS,5515.46,2
2024,Febrero,6,2024-02-06,VOLTEO – Día 2,6.0,REDUCCION VOLTEOS,5261.06,2
2024,Febrero,7,2024-02-07,Empaque – Día 1,6.0,PRODUCCION DE EMPAQUE,801.5561666666666,2
2024,Febrero,8,2024-02-08,Empaque – Día 2,6.0,PRODUCCION DE EMPAQUE,801.5561666666666,2
2024,Febrero,9,2024-02-09,Empaque – Día 3,6.0,PRODUCCION DE EMPAQUE,801.5561666666666,2
2024,Febrero,10,2024-02-10,Empaque – Día 4,6.0,PRODUCCION DE EMPAQUE,801.5561666666666,2
2024,Febrero,12,2024-02-12,Empaque – Día 5,6.0,PRODUCCION DE EMPAQUE,801.5561666666666,2
2024,Febrero,13,2024-02-13,Empaque – Día 6,6.0,PRODUCCION DE EMPAQUE,852.148005134818,2
2024,Agosto,31,2024-08-31,CORTE,2.0,BIOMASA FRESCA,6265.36,2
2024,Septiembre,2,2024-09-02,SECADO – Día 1,2.0,REDUCCION SECADOS,4825.0,2
2024,Septiembre,3,2024-09-03,SECADO – Día 2,2.0,REDUCCION SECADOS,4231.98,2
2024,Septiembre,4,2024-09-04,VOLTEO – Día 1,2.0,LLUVIA - PERDIDA TOTAL,0.0,2
2024,Septiembre,9,2024-09-09,CORTE,6.0,BIOMASA FRESCA,8551.94,2
2024,Septiembre,10,2024-09-10,SECADO – Día 1,6.0,REDUCCION SECADOS,6754.77,2
2024,Septiembre,11,2024-09-11,SECADO – Día 2,6.0,REDUCCION SECADOS,6024.410000000001,2
2024,Septiembre,12,2024-09-12,VOLTEO – Día 1,6.0,REDUCCION VOLTEOS,5662.000000000001,2
2024,Septiembre,13,2024-09-13,VOLTEO – Día 2,6.0,REDUCCION VOLTEOS,5417.160000000001,2
2024,Septiembre,14,2024-09-14,Empaque – Día 1,6.0,PRODUCCION DE EMPAQUE,825.6814166666667,2
2024,Septiembre,16,2024-09-16,Empaque – Día 2,6.0,PRODUCCION DE EMPAQUE,825.6814166666667,2
2024,Septiembre,17,2024-09-17,Empaque – Día 3,6.0,PRODUCCION DE EMPAQUE,825.6814166666667,2
2024,Septiembre,18,2024-09-18,Empaque – Día 4,6.0,PRODUCCION DE EMPAQUE,825.6814166666667,2
2024,Septiembre,19,2024-09-19,Empaque – Día 5,6.0,PRODUCCION DE EMPAQUE,786.0553608143496,2
2024,Septiembre,20,2024-09-20,Empaque – Día 6,6.0,PRODUCCION DE EMPAQUE,789.0339443159696,2
2025,Enero,14,2025-01-14,CORTE,2.0,BIOMASA FRESCA,6435.73,2
2025,Enero,15,2025-01-15,SECADO – Día 1,2.0,REDUCCION SECADOS,4979.599999999999,2
2025,Enero,16,2025-01-16,SECADO – Día 2,2.0,REDUCCION SECADOS,4461.369999999999,2
2025,Enero,17,2025-01-17,VOLTEO – Día 1,2.0,REDUCCION VOLTEOS,4197.659999999999,2
2025,Enero,18,2025-01-18,VOLTEO – Día 2,2.0,REDUCCION VOLTEOS,4052.089999999999,2
2025,Enero,20,2025-01-20,Empaque – Día 1,2.0,PRODUCCION DE EMPAQUE,616.9426666666664,2
2025,Enero,21,2025-01-21,Empaque – Día 2,2.0,PRODUCCION DE EMPAQUE,616.9426666666664,2
2025,Enero,22,2025-01-22,Empaque – Día 3,2.0,PRODUCCION DE EMPAQUE,616.9426666666664,2
2025,Enero,23,2025-01-23,Empaque – Día 4,2.0,PRODUCCION DE EMPAQUE,616.9426666666664,2
2025,Enero,24,2025-01-24,LLUVIA,2.0,PERDIDA 15% DE RESIDUO,0.0,2
2025,Enero,25,2025-01-25,LLUVIA,2.0,PERDIDA 15% DE RESIDUO,0.0,2
2025,Enero,27,2025-01-27,Empaque – Día 5,2.0,PRODUCCION DE EMPAQUE,410.2668733333331,2
2025,Enero,28,2025-01-28,Empaque – Día 6,2.0,PRODUCCION DE EMPAQUE,214.36444131666653,2
2025,Enero,30,2025-01-30,CORTE,6.0,BIOMASA FRESCA,,2
2025,Enero,31,2025-01-31,SECADO – Día 1,6.0,REDUCCION SECADOS,,2
2025,Febrero,1,2025-02-01,SECADO – Día 2,6.0,REDUCCION SECADOS,,2
2025,Febrero,3,2025-02-03,VOLTEO – Día 1,2.0,LLUVIA - PERDIDA TOTAL,,2
2022,Enero,5,2022-01-05,CORTE,3.0,BIOMASA FRESCA,8086.35,3
2022,Enero,6,2022-01-06,SECADO – Día 1,3.0,REDUCCION SECADOS,6640.35,3
2022,Enero,7,2022-01-07,SECADO – Día 2,3.0,REDUCCION SECADOS,6004.8,3
2022,Enero,8,2022-01-08,VOLTEO – Día 1,3.0,REDUCCION VOLTEOS,5630.83,3
2022,Enero,11,2022-01-11,VOLTEO – Día 2,3.0,REDUCCION VOLTEOS,5438.36,3
2022,Enero,12,2022-01-12,Empaque – Día 1,3.0,PRODUCCION DE EMPAQUE,871.5966666666667,3
2022,Enero,13,2022-01-13,Empaque – Día 2,3.0,PRODUCCION DE EMPAQUE,871.5966666666667,3
2022,Enero,14,2022-01-14,Empaque – Día 3,3.0,PRODUCCION DE EMPAQUE,871.5966666666667,3
2022,Enero,15,2022-01-15,Empaque – Día 4,3.0,PRODUCCION DE EMPAQUE,871.5966666666667,3
2022,Enero,17,2022-01-17,Empaque – Día 5,3.0,PRODUCCION DE EMPAQUE,871.5966666666667,3
2022,Enero,18,2022-01-18,Empaque – Día 6,3.0,PRODUCCION DE EMPAQUE,871.5966666666667,3
2022,Enero,20,2022-01-20,CORTE,7.0,BIOMASA FRESCA,6582.58,3
2022,Enero,21,2022-01-21,SECADO – Día 1,7.0,REDUCCION SECADOS,5152.38,3
2022,Enero,22,2022-01-22,SECADO – Día 2,7.0,REDUCCION SECADOS,4724.04,3
2022,Enero,24,2022-01-24,VOLTEO – Día 1,7.0,REDUCCION VOLTEOS,4486.51,3
2022,Enero,25,2022-01-25,VOLTEO – Día 2,7.0,REDUCCION VOLTEOS,4327.67,3
2022,Enero,26,2022-01-26,Empaque – Día 1,7.0,PRODUCCION DE EMPAQUE,694.7533333333334,3
2022,Enero,27,2022-01-27,Empaque – Día 2,7.0,PRODUCCION DE EMPAQUE,669.3428973614944,3
2022,Enero,28,2022-01-28,Empaque – Día 3,7.0,PRODUCCION DE EMPAQUE,694.7533333333334,3
2022,Enero,29,2022-01-29,Empaque – Día 4,7.0,PRODUCCION DE EMPAQUE,694.7533333333334,3
2022,Enero,31,2022-01-31,Empaque – Día 5,7.0,PRODUCCION DE EMPAQUE,694.7533333333334,3
2022,Febrero,1,2022-02-01,Empaque – Día 6,7.0,PRODUCCION DE EMPAQUE,660.0156666666668,3
2022,Septiembre,23,2022-09-23,CORTE,3.0,BIOMASA FRESCA,8923.45,3
2022,Septiembre,24,2022-09-24,SECADO – Día 1,3.0,REDUCCION SECADOS,7505.820000000001,3
2022,Septiembre,26,2022-09-26,SECADO – Día 2,3.0,REDUCCION SECADOS,6472.500000000001,3
2022,Septiembre,27,2022-09-27,VOLTEO – Día 1,3.0,REDUCCION VOLTEOS,6080.660000000001,3
2022,Septiembre,28,2022-09-28,VOLTEO – Día 2,3.0,REDUCCION VOLTEOS,5806.540000000001,3
2022,Septiembre,29,2022-09-29,Empaque – Día 1,3.0,PRODUCCION DE EMPAQUE,875.4140596862167,3
2022,Septiembre,30,2022-09-30,Empaque – Día 2,3.0,PRODUCCION DE EMPAQUE,932.4183333333335,3
2022,Octubre,1,2022-10-01,Empaque – Día 3,3.0,PRODUCCION DE EMPAQUE,882.5975048450697,3
2022,Octubre,3,2022-10-03,Empaque – Día 4,3.0,PRODUCCION DE EMPAQUE,845.3548906952414,3
2022,Octubre,4,2022-10-04,LLUVIA,3.0,PERDIDA 15% DE RESIDUO,0.0,3
2022,Octubre,5,2022-10-05,Empaque – Día 5,3.0,PRODUCCION DE EMPAQUE,742.3806837702584,3
2022,Octubre,6,2022-10-06,Empaque – Día 6,3.0,PRODUCCION DE EMPAQUE,753.3689209764794,3
2022,Octubre,14,2022-10-14,CORTE,3.0,BIOMASA FRESCA,7013.28,3
2022,Octubre,15,2022-10-15,SECADO – Día 1,3.0,LLUVIA - PERDIDA TOTAL,0.0,3
2022,Diciembre,6,2022-12-06,CORTE,3.0,BIOMASA FRESCA,6056.56,3
2022,Diciembre,7,2022-12-07,SECADO – Día 1,3.0,REDUCCION SECADOS,4960.6,3
2022,Diciembre,9,2022-12-09,SECADO – Día 2,3.0,REDUCCION SECADOS,4335.68,3
2022,Diciembre,10,2022-12-10,VOLTEO – Día 1,3.0,REDUCCION VOLTEOS,4048.03,3
2022,Diciembre,12,2022-12-12,VOLTEO – Día 2,3.0,REDUCCION VOLTEOS,3923.63,3
2022,Diciembre,13,2022-12-13,Empaque – Día 1,3.0,PRODUCCION DE EMPAQUE,569.5503525282578,3
2022,Diciembre,14,2022-12-14,Empaque – Día 2,3.0,PRODUCCION DE EMPAQUE,630.6833333333333,3
2022,Diciembre,15,2022-12-15,Empaque – Día 3,3.0,PRODUCCION DE EMPAQUE,630.6833333333333,3
2022,Diciembre,16,2022-12-16,Empaque – Día 4,3.0,PRODUCCION DE EMPAQUE,630.6833333333333,3
2022,Diciembre,17,2022-12-17,Empaque – Día 5,3.0,PRODUCCION DE EMPAQUE,604.3231035341538,3
2022,Diciembre,19,2022-12-19,Empaque – Día 6,3.0,PRODUCCION DE EMPAQUE,630.6833333333333,3
2022,Diciembre,21,2022-12-21,CORTE,7.0,BIOMASA FRESCA,6820.61,3
2022,Diciembre,22,2022-12-22,SECADO – Día 1,7.0,REDUCCION SECADOS,5326.04,3
2022,Diciembre,23,2022-12-23,SECADO – Día 2,7.0,REDUCCION SECADOS,4879.59,3
2022,Diciembre,24,2022-12-24,VOLTEO – Día 1,7.0,REDUCCION VOLTEOS,4613.83,3
2022,Diciembre,26,2022-12-26,VOLTEO – Día 2,7.0,REDUCCION VOLTEOS,4471.71,3
2022,Diciembre,27,2022-12-27,Empaque – Día 1,7.0,PRODUCCION DE EMPAQUE,716.6783333333333,3
2022,Diciembre,28,2022-12-28,LLUVIA,7.0,PERDIDA 15% DE RESIDUO,0.0,3
2022,Diciembre,29,2022-12-29,Empaque – Día 2,7.0,PRODUCCION DE EMPAQUE,679.7862982841638,3
2022,Diciembre,30,2022-12-30,Empaque – Día 3,7.0,PRODUCCION DE EMPAQUE,716.6783333333333,3
2022,Diciembre,31,2022-12-31,Empaque – Día 4,7.0,PRODUCCION DE EMPAQUE,609.1765833333333,3
2023,Enero,2,2023-01-02,Empaque – Día 5,7.0,PRODUCCION DE EMPAQUE,609.1765833333333,3
2023,Enero,3,2023-01-03,Empaque – Día 6,7.0,PRODUCCION DE EMPAQUE,582.9866241371484,3
2023,Febrero,16,2023-02-16,CORTE,3.0,BIOMASA FRESCA,7175.44,3
2023,Febrero,17,2023-02-17,SECADO – Día 1,3.0,REDUCCION SECADOS,5748.599999999999,3
2023,Febrero,18,2023-02-18,SECADO – Día 2,3.0,REDUCCION SECADOS,4898.169999999999,3
2023,Febrero,20,2023-02-20,VOLTEO – Día 1,3.0,REDUCCION VOLTEOS,4560.349999999999,3
2023,Febrero,21,2023-02-21,VOLTEO – Día 2,3.0,REDUCCION VOLTEOS,4341.289999999999,3
2023,Febrero,22,2023-02-22,Empaque – Día 1,3.0,PRODUCCION DE EMPAQUE,697.9983333333331,3
2023,Febrero,23,2023-02-23,Empaque – Día 2,3.0,PRODUCCION DE EMPAQUE,663.0984166666664,3
2023,Febrero,24,2023-02-24,Empaque – Día 3,3.0,PRODUCCION DE EMPAQUE,697.9983333333331,3
2023,Febrero,25,2023-02-25,Empaque – Día 4,3.0,PRODUCCION DE EMPAQUE,697.9983333333331,3
2023,Febrero,27,2023-02-27,Empaque – Día 5,3.0,PRODUCCION DE EMPAQUE,663.0984166666664,3
2023,Febrero,28,2023-02-28,Empaque – Día 6,3.0,PRODUCCION DE EMPAQUE,641.4291402999489,3
2023,Marzo,2,2023-03-02,CORTE,7.0,BIOMASA FRESCA,7606.22,3
2023,Marzo,3,2023-03-03,SECADO – Día 1,7.0,REDUCCION SECADOS,5885.04,3
2023,Marzo,4,2023-03-04,SECADO – Día 2,7.0,LLUVIA - PERDIDA TOTAL,0.0,3
2023,Agosto,31,2023-08-31,CORTE,3.0,BIOMASA FRESCA,8430.22,3
2023,Septiembre,1,2023-09-01,SECADO – Día 1,3.0,REDUCCION SECADOS,6661.049999999999,3
2023,Septiembre,2,2023-09-02,SECADO – Día 2,3.0,REDUCCION SECADOS,5843.32,3
2023,Septiembre,4,2023-09-04,VOLTEO – Día 1,3.0,REDUCCION VOLTEOS,5465.37,3
2023,Septiembre,5,2023-09-05,VOLTEO – Día 2,3.0,REDUCCION VOLTEOS,5245.14,3
2023,Septiembre,6,2023-09-06,Empaque – Día 1,3.0,PRODUCCION DE EMPAQUE,804.4900833333335,3
2023,Septiembre,7,2023-09-07,Empaque – Día 2,3.0,PRODUCCION DE EMPAQUE,804.4900833333335,3
2023,Septiembre,8,2023-09-08,Empaque – Día 3,3.0,PRODUCCION DE EMPAQUE,804.4900833333335,3
2023,Septiembre,9,2023-09-09,Empaque – Día 4,3.0,PRODUCCION DE EMPAQUE,808.857708081521,3
2023,Septiembre,11,2023-09-11,Empaque – Día 5,3.0,PRODUCCION DE EMPAQUE,804.4900833333335,3
2023,Septiembre,12,2023-09-12,Empaque – Día 6,3.0,PRODUCCION DE EMPAQUE,757.5947537019653,3
2023,Septiembre,14,2023-09-14,CORTE,7.0,BIOMASA FRESCA,7657.84,3
2023,Septiembre,15,2023-09-15,SECADO – Día 1,7.0,REDUCCION SECADOS,6033.22,3
2023,Septiembre,16,2023-09-16,SECADO – Día 2,7.0,REDUCCION SECADOS,5290.37,3
2023,Septiembre,18,2023-09-18,VOLTEO – Día 1,7.0,REDUCCION VOLTEOS,4946.389999999999,3
2023,Septiembre,19,2023-09-19,VOLTEO – Día 2,7.0,REDUCCION VOLTEOS,4772.759999999999,3
2023,Septiembre,20,2023-09-20,Empaque – Día 1,7.0,PRODUCCION DE EMPAQUE,730.2539166666664,3
2023,Septiembre,21,2023-09-21,Empaque – Día 2,7.0,PRODUCCION DE EMPAQUE,730.2539166666664,3
2023,Septiembre,22,2023-09-22,Empaque – Día 3,7.0,PRODUCCION DE EMPAQUE,730.2539166666664,3
2023,Septiembre,23,2023-09-23,Empaque – Día 4,7.0,PRODUCCION DE EMPAQUE,730.2539166666664,3
2023,Septiembre,25,2023-09-25,Empaque – Día 5,7.0,PRODUCCION DE EMPAQUE,698.6087572645297,3
2023,Septiembre,26,2023-09-26,Empaque – Día 6,7.0,PRODUCCION DE EMPAQUE,730.2539166666664,3
2024,Enero,19,2024-01-19,CORTE,3.0,BIOMASA FRESCA,6473.99,3
2024,Enero,20,2024-01-20,SECADO – Día 1,3.0,REDUCCION SECADOS,5373.2699999999995,3
2024,Enero,22,2024-01-22,SECADO – Día 2,3.0,REDUCCION SECADOS,4713.36,3
2024,Enero,23,2024-01-23,VOLTEO – Día 1,3.0,REDUCCION VOLTEOS,4416.049999999999,3
2024,Enero,24,2024-01-24,VOLTEO – Día 2,3.0,REDUCCION VOLTEOS,4207.889999999999,3
2024,Enero,25,2024-01-25,Empaque – Día 1,3.0,PRODUCCION DE EMPAQUE,645.6469166666665,3
2024,Enero,26,2024-01-26,Empaque – Día 2,3.0,PRODUCCION DE EMPAQUE,645.6469166666665,3
2024,Enero,27,2024-01-27,Empaque – Día 3,3.0,PRODUCCION DE EMPAQUE,614.9765400870828,3
2024,Enero,29,2024-01-29,Empaque – Día 4,3.0,PRODUCCION DE EMPAQUE,645.6469166666665,3
2024,Enero,30,2024-01-30,Empaque – Día 5,3.0,PRODUCCION DE EMPAQUE,645.6469166666665,3
2024,Enero,31,2024-01-31,Empaque – Día 6,3.0,PRODUCCION DE EMPAQUE,688.3331212883853,3
2024,Febrero,2,2024-02-02,CORTE,7.0,BIOMASA FRESCA,7589.1,3
2024,Febrero,3,2024-02-03,SECADO – Día 1,7.0,REDUCCION SECADOS,5693.2300000000005,3
2024,Febrero,5,2024-02-05,SECADO – Día 2,7.0,REDUCCION SECADOS,4934.7300000000005,3
2024,Febrero,6,2024-02-06,VOLTEO – Día 1,7.0,REDUCCION VOLTEOS,4656.400000000001,3
2024,Febrero,7,2024-02-07,VOLTEO – Día 2,7.0,REDUCCION VOLTEOS,4455.68,3
2024,Febrero,8,2024-02-08,Empaque – Día 1,7.0,PRODUCCION DE EMPAQUE,682.1949999999999,3
2024,Febrero,9,2024-02-09,Empaque – Día 2,7.0,PRODUCCION DE EMPAQUE,682.1949999999999,3
2024,Febrero,10,2024-02-10,Empaque – Día 3,7.0,PRODUCCION DE EMPAQUE,682.1949999999999,3
2024,Febrero,12,2024-02-12,Empaque – Día 4,7.0,PRODUCCION DE EMPAQUE,682.1949999999999,3
2024,Febrero,13,2024-02-13,Empaque – Día 5,7.0,PRODUCCION DE EMPAQUE,705.3864540929791,3
2024,Febrero,14,2024-02-14,Empaque – Día 6,7.0,PRODUCCION DE EMPAQUE,725.2945955854036,3
2024,Septiembre,2,2024-09-02,CORTE,3.0,BIOMASA FRESCA,7335.52,3
2024,Septiembre,3,2024-09-03,SECADO – Día 1,3.0,REDUCCION SECADOS,6196.92,3
2024,Septiembre,4,2024-09-04,SECADO – Día 2,3.0,LLUVIA - PERDIDA TOTAL,0.0,3
2024,Septiembre,10,2024-09-10,CORTE,7.0,BIOMASA FRESCA,6703.18,3
2024,Septiembre,11,2024-09-11,SECADO – Día 1,7.0,REDUCCION SECADOS,5537.16,3
2024,Septiembre,12,2024-09-12,SECADO – Día 2,7.0,REDUCCION SECADOS,4820.41,3
2024,Septiembre,13,2024-09-13,VOLTEO – Día 1,7.0,REDUCCION VOLTEOS,4562.87,3
2024,Septiembre,14,2024-09-14,VOLTEO – Día 2,7.0,REDUCCION VOLTEOS,4338.88,3
2024,Septiembre,16,2024-09-16,Empaque – Día 1,7.0,PRODUCCION DE EMPAQUE,665.2010833333334,3
2024,Septiembre,17,2024-09-17,Empaque – Día 2,7.0,PRODUCCION DE EMPAQUE,665.2010833333334,3
2024,Septiembre,18,2024-09-18,Empaque – Día 3,7.0,PRODUCCION DE EMPAQUE,665.2010833333334,3
2024,Septiembre,19,2024-09-19,Empaque – Día 4,7.0,PRODUCCION DE EMPAQUE,637.089184871683,3
2024,Septiembre,20,2024-09-20,Empaque – Día 5,7.0,PRODUCCION DE EMPAQUE,639.7546147102561,3
2024,Septiembre,21,2024-09-21,LLUVIA,7.0,PERDIDA 15% DE RESIDUO,0.0,3
2024,Septiembre,23,2024-09-23,LLUVIA,7.0,PERDIDA 15% DE RESIDUO,0.0,3
2024,Septiembre,24,2024-09-24,Empaque – Día 6,7.0,PRODUCCION DE EMPAQUE,447.82823029717923,3
2025,Enero,15,2025-01-15,CORTE,3.0,BIOMASA FRESCA,8751.53,3
2025,Enero,16,2025-01-16,SECADO – Día 1,3.0,REDUCCION SECADOS,7050.84,3
2025,Enero,17,2025-01-17,SECADO – Día 2,3.0,REDUCCION SECADOS,6204.43,3
2025,Enero,18,2025-01-18,VOLTEO – Día 1,3.0,REDUCCION VOLTEOS,5888.9400000000005,3
2025,Enero,20,2025-01-20,VOLTEO – Día 2,3.0,REDUCCION VOLTEOS,5600.150000000001,3
2025,Enero,21,2025-01-21,Empaque – Día 1,3.0,PRODUCCION DE EMPAQUE,856.8920833333334,3
2025,Enero,22,2025-01-22,Empaque – Día 2,3.0,PRODUCCION DE EMPAQUE,856.8920833333334,3
2025,Enero,23,2025-01-23,Empaque – Día 3,3.0,PRODUCCION DE EMPAQUE,856.8920833333334,3
2025,Enero,24,2025-01-24,LLUVIA,3.0,PERDIDA 15% DE RESIDUO,,3
2025,Enero,25,2025-01-25,LLUVIA,3.0,PERDIDA 15% DE RESIDUO,,3
2025,Enero,27,2025-01-27,Empaque – Día 4,3.0,PRODUCCION DE EMPAQUE,569.8332354166666,3
2025,Enero,28,2025-01-28,Empaque – Día 5,3.0,PRODUCCION DE EMPAQUE,297.73786550520833,3
2025,Enero,29,2025-01-29,Empaque – Día 6,3.0,PRODUCCION DE EMPAQUE,282.8509722299479,3
2025,Enero,31,2025-01-31,CORTE,7.0,BIOMASA FRESCA,,3
2025,Febrero,1,2025-02-01,SECADO – Día 1,7.0,REDUCCION SECADOS,,3
2025,Febrero,3,2025-02-03,SECADO – Día 2,7.0,LLUVIA - PERDIDA TOTAL,,3
2022,Enero,6,2022-01-06,CORTE,4.0,BIOMASA FRESCA,6893.26,4
2022,Enero,7,2022-01-07,SECADO – Día 1,4.0,REDUCCION SECADOS,5785.530000000001,4
2022,Enero,8,2022-01-08,SECADO – Día 2,4.0,REDUCCION SECADOS,5099.700000000001,4
2022,Enero,11,2022-01-11,VOLTEO – Día 1,4.0,REDUCCION VOLTEOS,4780.120000000001,4
2022,Enero,12,2022-01-12,VOLTEO – Día 2,4.0,REDUCCION VOLTEOS,4599.02,4
2022,Enero,13,2022-01-13,Empaque – Día 1,4.0,PRODUCCION DE EMPAQUE,743.2083333333334,4
2022,Enero,14,2022-01-14,Empaque – Día 2,4.0,PRODUCCION DE EMPAQUE,743.2083333333334,4
2022,Enero,15,2022-01-15,Empaque – Día 3,4.0,PRODUCCION DE EMPAQUE,743.2083333333334,4
2022,Enero,17,2022-01-17,Empaque – Día 4,4.0,PRODUCCION DE EMPAQUE,743.2083333333334,4
2022,Enero,18,2022-01-18,Empaque – Día 5,4.0,PRODUCCION DE EMPAQUE,743.2083333333334,4
2022,Enero,19,2022-01-19,Empaque – Día 6,4.0,PRODUCCION DE EMPAQUE,706.0479166666667,4
2022,Enero,21,2022-01-21,CORTE,8.0,BIOMASA FRESCA,7984.39,4
2022,Enero,22,2022-01-22,SECADO – Día 1,8.0,REDUCCION SECADOS,6087.7300000000005,4
2022,Enero,24,2022-01-24,SECADO – Día 2,8.0,REDUCCION SECADOS,5295.64,4
2022,Enero,25,2022-01-25,VOLTEO – Día 1,8.0,REDUCCION VOLTEOS,5016.41,4
2022,Enero,26,2022-01-26,VOLTEO – Día 2,8.0,REDUCCION VOLTEOS,4774.389999999999,4
2022,Enero,27,2022-01-27,Empaque – Día 1,8.0,PRODUCCION DE EMPAQUE,733.3121885993397,4
2022,Enero,28,2022-01-28,Empaque – Día 2,8.0,PRODUCCION DE EMPAQUE,770.8983333333332,4
2022,Enero,29,2022-01-29,Empaque – Día 3,8.0,PRODUCCION DE EMPAQUE,770.8983333333332,4
2022,Enero,31,2022-01-31,Empaque – Día 4,8.0,PRODUCCION DE EMPAQUE,770.8983333333332,4
2022,Febrero,1,2022-02-01,Empaque – Día 5,8.0,PRODUCCION DE EMPAQUE,732.3534166666665,4
2022,Febrero,2,2022-02-02,Empaque – Día 6,8.0,PRODUCCION DE EMPAQUE,732.3534166666665,4
2022,Septiembre,24,2022-09-24,CORTE,4.0,BIOMASA FRESCA,7411.16,4
2022,Septiembre,26,2022-09-26,SECADO – Día 1,4.0,REDUCCION SECADOS,6210.68,4
2022,Septiembre,27,2022-09-27,SECADO – Día 2,4.0,REDUCCION SECADOS,5592.610000000001,4
2022,Septiembre,28,2022-09-28,VOLTEO – Día 1,4.0,REDUCCION VOLTEOS,5256.880000000001,4
2022,Septiembre,29,2022-09-29,VOLTEO – Día 2,4.0,REDUCCION VOLTEOS,5027.930000000001,4
2022,Septiembre,30,2022-09-30,Empaque – Día 1,4.0,PRODUCCION DE EMPAQUE,812.3600000000001,4
2022,Octubre,1,2022-10-01,Empaque – Día 2,4.0,PRODUCCION DE EMPAQUE,766.7579899694102,4
2022,Octubre,3,2022-10-03,Empaque – Día 3,4.0,PRODUCCION DE EMPAQUE,746.0497904399673,4
2022,Octubre,4,2022-10-04,LLUVIA,4.0,PERDIDA 15% DE RESIDUO,0.0,4
2022,Octubre,5,2022-10-05,Empaque – Día 4,4.0,PRODUCCION DE EMPAQUE,667.7292959052362,4
2022,Octubre,6,2022-10-06,Empaque – Día 5,4.0,PRODUCCION DE EMPAQUE,669.7053461082064,4
2022,Octubre,7,2022-10-07,LLUVIA,4.0,PERDIDA 15% DE RESIDUO,0.0,4
2022,Octubre,8,2022-10-08,LLUVIA,5.0,PERDIDA 15% DE RESIDUO,0.0,4
2022,Octubre,10,2022-10-10,Empaque – Día 6,4.0,PRODUCCION DE EMPAQUE,446.7980000000001,4
2022,Octubre,19,2022-10-19,CORTE,4.0,BIOMASA FRESCA,6386.41,4
2022,Octubre,20,2022-10-20,SECADO – Día 1,4.0,REDUCCION SECADOS,5006.639999999999,4
2022,Octubre,21,2022-10-21,SECADO – Día 2,4.0,REDUCCION SECADOS,4551.329999999999,4
2022,Octubre,22,2022-10-22,VOLTEO – Día 1,4.0,REDUCCION VOLTEOS,4316.709999999999,4
2022,Octubre,24,2022-10-24,VOLTEO – Día 2,4.0,LLUVIA - PERDIDA TOTAL,0.0,4
2022,Diciembre,7,2022-12-07,CORTE,4.0,BIOMASA FRESCA,7960.64,4
2022,Diciembre,9,2022-12-09,SECADO – Día 1,4.0,REDUCCION SECADOS,6246.6,4
2022,Diciembre,10,2022-12-10,SECADO – Día 2,4.0,REDUCCION SECADOS,5694.370000000001,4
2022,Diciembre,12,2022-12-12,VOLTEO – Día 1,4.0,REDUCCION VOLTEOS,5364.300000000001,4
2022,Diciembre,13,2022-12-13,VOLTEO – Día 2,4.0,REDUCCION VOLTEOS,5113.800000000001,4
2022,Diciembre,14,2022-12-14,Empaque – Día 1,4.0,PRODUCCION DE EMPAQUE,818.6616666666669,4
2022,Diciembre,15,2022-12-15,Empaque – Día 2,4.0,PRODUCCION DE EMPAQUE,818.6616666666669,4
2022,Diciembre,16,2022-12-16,Empaque – Día 3,4.0,PRODUCCION DE EMPAQUE,818.6616666666669,4
2022,Diciembre,17,2022-12-17,Empaque – Día 4,4.0,PRODUCCION DE EMPAQUE,791.1182241249754,4
2022,Diciembre,19,2022-12-19,Empaque – Día 5,4.0,PRODUCCION DE EMPAQUE,818.6616666666669,4
2022,Diciembre,20,2022-12-20,Empaque – Día 6,4.0,PRODUCCION DE EMPAQUE,818.6616666666669,4
2022,Diciembre,22,2022-12-22,CORTE,8.0,BIOMASA FRESCA,6436.28,4
2022,Diciembre,23,2022-12-23,SECADO – Día 1,8.0,REDUCCION SECADOS,4979.07,4
2022,Diciembre,24,2022-12-24,SECADO – Día 2,8.0,REDUCCION SECADOS,4309.15,4
2022,Diciembre,26,2022-12-26,VOLTEO – Día 1,8.0,REDUCCION VOLTEOS,4044.9399999999996,4
2022,Diciembre,27,2022-12-27,VOLTEO – Día 2,8.0,REDUCCION VOLTEOS,3895.1599999999994,4
2022,Diciembre,28,2022-12-28,LLUVIA,8.0,PERDIDA 15% DE RESIDUO,0.0,4
2022,Diciembre,29,2022-12-29,Empaque – Día 1,8.0,PRODUCCION DE EMPAQUE,598.0997905841909,4
2022,Diciembre,30,2022-12-30,Empaque – Día 2,8.0,PRODUCCION DE EMPAQUE,628.2999999999998,4
2022,Diciembre,31,2022-12-31,Empaque – Día 3,8.0,PRODUCCION DE EMPAQUE,628.2999999999998,4
2023,Enero,2,2023-01-02,Empaque – Día 4,8.0,PRODUCCION DE EMPAQUE,534.0549999999998,4
2023,Enero,3,2023-01-03,Empaque – Día 5,8.0,PRODUCCION DE EMPAQUE,500.1825981725779,4
2023,Enero,4,2023-01-04,Empaque – Día 6,8.0,PRODUCCION DE EMPAQUE,628.2999999999998,4
2023,Febrero,17,2023-02-17,CORTE,4.0,BIOMASA FRESCA,7305.88,4
2023,Febrero,18,2023-02-18,SECADO – Día 1,4.0,REDUCCION SECADOS,5786.9400000000005,4
2023,Febrero,20,2023-02-20,SECADO – Día 2,4.0,REDUCCION SECADOS,5019.660000000001,4
2023,Febrero,21,2023-02-21,VOLTEO – Día 1,4.0,REDUCCION VOLTEOS,4684.06,4
2023,Febrero,22,2023-02-22,VOLTEO – Día 2,4.0,REDUCCION VOLTEOS,4518.0,4
2023,Febrero,23,2023-02-23,Empaque – Día 1,4.0,PRODUCCION DE EMPAQUE,688.07075,4
2023,Febrero,24,2023-02-24,Empaque – Día 2,4.0,PRODUCCION DE EMPAQUE,724.285,4
2023,Febrero,25,2023-02-25,Empaque – Día 3,4.0,PRODUCCION DE EMPAQUE,724.285,4
2023,Febrero,27,2023-02-27,Empaque – Día 4,4.0,PRODUCCION DE EMPAQUE,688.07075,4
2023,Febrero,28,2023-02-28,Empaque – Día 5,4.0,PRODUCCION DE EMPAQUE,658.19294313657,4
2023,Marzo,1,2023-03-01,Empaque – Día 6,4.0,PRODUCCION DE EMPAQUE,659.9968515124907,4
2023,Marzo,3,2023-03-03,CORTE,8.0,BIOMASA FRESCA,8525.71,4
2023,Marzo,4,2023-03-04,SECADO – Día 1,8.0,LLUVIA - PERDIDA TOTAL,0.0,4
2023,Septiembre,1,2023-09-01,CORTE,4.0,BIOMASA FRESCA,7628.32,4
2023,Septiembre,2,2023-09-02,SECADO – Día 1,4.0,REDUCCION SECADOS,6470.48,4
2023,Septiembre,4,2023-09-04,SECADO – Día 2,4.0,REDUCCION SECADOS,5719.53,4
2023,Septiembre,5,2023-09-05,VOLTEO – Día 1,4.0,REDUCCION VOLTEOS,5367.88,4
2023,Septiembre,6,2023-09-06,VOLTEO – Día 2,4.0,REDUCCION VOLTEOS,5163.52,4
2023,Septiembre,7,2023-09-07,Empaque – Día 1,4.0,PRODUCCION DE EMPAQUE,786.6886666666667,4
2023,Septiembre,8,2023-09-08,Empaque – Día 2,4.0,PRODUCCION DE EMPAQUE,786.6886666666667,4
2023,Septiembre,9,2023-09-09,Empaque – Día 3,4.0,PRODUCCION DE EMPAQUE,770.7005923368383,4
2023,Septiembre,11,2023-09-11,Empaque – Día 4,4.0,PRODUCCION DE EMPAQUE,786.6886666666667,4
2023,Septiembre,12,2023-09-12,Empaque – Día 5,4.0,PRODUCCION DE EMPAQUE,757.290420407451,4
2023,Septiembre,13,2023-09-13,Empaque – Día 6,4.0,PRODUCCION DE EMPAQUE,707.0877484842546,4
2023,Septiembre,15,2023-09-15,CORTE,8.0,BIOMASA FRESCA,7123.97,4
2023,Septiembre,16,2023-09-16,SECADO – Día 1,8.0,REDUCCION SECADOS,5982.68,4
2023,Septiembre,18,2023-09-18,SECADO – Día 2,8.0,REDUCCION SECADOS,5310.14,4
2023,Septiembre,19,2023-09-19,VOLTEO – Día 1,8.0,REDUCCION VOLTEOS,4968.650000000001,4
2023,Septiembre,20,2023-09-20,VOLTEO – Día 2,8.0,REDUCCION VOLTEOS,4764.320000000001,4
2023,Septiembre,21,2023-09-21,Empaque – Día 1,8.0,PRODUCCION DE EMPAQUE,725.7176666666667,4
2023,Septiembre,22,2023-09-22,Empaque – Día 2,8.0,PRODUCCION DE EMPAQUE,725.7176666666667,4
2023,Septiembre,23,2023-09-23,Empaque – Día 3,8.0,PRODUCCION DE EMPAQUE,725.7176666666667,4
2023,Septiembre,25,2023-09-25,Empaque – Día 4,8.0,PRODUCCION DE EMPAQUE,692.732186925924,4
2023,Septiembre,26,2023-09-26,Empaque – Día 5,8.0,PRODUCCION DE EMPAQUE,725.7176666666667,4
2023,Septiembre,27,2023-09-27,Empaque – Día 6,8.0,PRODUCCION DE EMPAQUE,720.9912756993034,4
2024,Enero,20,2024-01-20,CORTE,4.0,BIOMASA FRESCA,8148.17,4
2024,Enero,22,2024-01-22,SECADO – Día 1,4.0,REDUCCION SECADOS,6755.09,4
2024,Enero,23,2024-01-23,SECADO – Día 2,4.0,REDUCCION SECADOS,6020.49,4
2024,Enero,24,2024-01-24,VOLTEO – Día 1,4.0,REDUCCION VOLTEOS,5646.69,4
2024,Enero,25,2024-01-25,VOLTEO – Día 2,4.0,REDUCCION VOLTEOS,5402.19,4
2024,Enero,26,2024-01-26,Empaque – Día 1,4.0,PRODUCCION DE EMPAQUE,826.2656666666666,4
2024,Enero,27,2024-01-27,Empaque – Día 2,4.0,PRODUCCION DE EMPAQUE,786.580092241213,4
2024,Enero,29,2024-01-29,Empaque – Día 3,4.0,PRODUCCION DE EMPAQUE,826.2656666666666,4
2024,Enero,30,2024-01-30,Empaque – Día 4,4.0,PRODUCCION DE EMPAQUE,826.2656666666666,4
2024,Enero,31,2024-01-31,Empaque – Día 5,4.0,PRODUCCION DE EMPAQUE,875.3328843596897,4
2024,Febrero,1,2024-02-01,Empaque – Día 6,4.0,PRODUCCION DE EMPAQUE,826.2656666666666,4
2024,Febrero,3,2024-02-03,CORTE,8.0,BIOMASA FRESCA,6410.63,4
2024,Febrero,5,2024-02-05,SECADO – Día 1,8.0,REDUCCION SECADOS,4839.360000000001,4
2024,Febrero,6,2024-02-06,SECADO – Día 2,8.0,REDUCCION SECADOS,4144.700000000001,4
2024,Febrero,7,2024-02-07,VOLTEO – Día 1,8.0,REDUCCION VOLTEOS,3929.060000000001,4
2024,Febrero,8,2024-02-08,VOLTEO – Día 2,8.0,REDUCCION VOLTEOS,3765.4300000000007,4
2024,Febrero,9,2024-02-09,Empaque – Día 1,8.0,PRODUCCION DE EMPAQUE,576.0895000000002,4
2024,Febrero,10,2024-02-10,Empaque – Día 2,8.0,PRODUCCION DE EMPAQUE,576.0895000000002,4
2024,Febrero,12,2024-02-12,Empaque – Día 3,8.0,PRODUCCION DE EMPAQUE,576.0895000000002,4
2024,Febrero,13,2024-02-13,Empaque – Día 4,8.0,PRODUCCION DE EMPAQUE,610.0671027798236,4
2024,Febrero,14,2024-02-14,Empaque – Día 5,8.0,PRODUCCION DE EMPAQUE,610.284468347736,4
2024,Febrero,15,2024-02-15,Empaque – Día 6,8.0,PRODUCCION DE EMPAQUE,608.2819696798897,4
2024,Septiembre,3,2024-09-03,CORTE,4.0,BIOMASA FRESCA,6414.7,4
2024,Septiembre,4,2024-09-04,SECADO – Día 1,4.0,LLUVIA - PERDIDA TOTAL,0.0,4
2024,Septiembre,11,2024-09-11,CORTE,8.0,BIOMASA FRESCA,6104.44,4
2024,Septiembre,12,2024-09-12,SECADO – Día 1,8.0,REDUCCION SECADOS,4626.92,4
2024,Septiembre,13,2024-09-13,SECADO – Día 2,8.0,REDUCCION SECADOS,4254.9400000000005,4
2024,Septiembre,14,2024-09-14,VOLTEO – Día 1,8.0,REDUCCION VOLTEOS,4022.0700000000006,4
2024,Septiembre,16,2024-09-16,VOLTEO – Día 2,8.0,REDUCCION VOLTEOS,3884.7100000000005,4
2024,Septiembre,17,2024-09-17,Empaque – Día 1,8.0,PRODUCCION DE EMPAQUE,594.4656666666667,4
2024,Septiembre,18,2024-09-18,Empaque – Día 2,8.0,PRODUCCION DE EMPAQUE,594.4656666666667,4
2024,Septiembre,19,2024-09-19,Empaque – Día 3,8.0,PRODUCCION DE EMPAQUE,567.2702329500361,4
2024,Septiembre,20,2024-09-20,Empaque – Día 4,8.0,PRODUCCION DE EMPAQUE,570.7102552653902,4
2024,Septiembre,21,2024-09-21,LLUVIA,8.0,PERDIDA 15% DE RESIDUO,0.0,4
2024,Septiembre,23,2024-09-23,LLUVIA,8.0,PERDIDA 15% DE RESIDUO,0.0,4
2024,Septiembre,24,2024-09-24,Empaque – Día 5,8.0,PRODUCCION DE EMPAQUE,399.1126061272158,4
2024,Septiembre,25,2024-09-25,Empaque – Día 6,8.0,PRODUCCION DE EMPAQUE,330.1723178679262,4
2025,Enero,16,2025-01-16,CORTE,4.0,BIOMASA FRESCA,6219.0,4
2025,Enero,17,2025-01-17,SECADO – Día 1,4.0,REDUCCION SECADOS,5111.99,4
2025,Enero,18,2025-01-18,SECADO – Día 2,4.0,REDUCCION SECADOS,4355.49,4
2025,Enero,20,2025-01-20,VOLTEO – Día 1,4.0,REDUCCION VOLTEOS,4091.87,4
2025,Enero,21,2025-01-21,VOLTEO – Día 2,4.0,REDUCCION VOLTEOS,3930.63,4
2025,Enero,22,2025-01-22,Empaque – Día 1,4.0,PRODUCCION DE EMPAQUE,599.5481666666667,4
2025,Enero,23,2025-01-23,Empaque – Día 2,4.0,PRODUCCION DE EMPAQUE,599.5481666666667,4
2025,Enero,24,2025-01-24,LLUVIA,4.0,PERDIDA 15% DE RESIDUO,0.0,4
2025,Enero,25,2025-01-25,LLUVIA,4.0,PERDIDA 15% DE RESIDUO,0.0,4
2025,Enero,27,2025-01-27,Empaque – Día 3,4.0,PRODUCCION DE EMPAQUE,398.69953083333326,4
2025,Enero,28,2025-01-28,Empaque – Día 4,4.0,PRODUCCION DE EMPAQUE,208.32050486041663,4
2025,Enero,29,2025-01-29,Empaque – Día 5,4.0,PRODUCCION DE EMPAQUE,197.9044796173958,4
2025,Enero,30,2025-01-30,Empaque – Día 6,4.0,PRODUCCION DE EMPAQUE,188.009255636526,4
2025,Febrero,1,2025-02-01,CORTE,8.0,BIOMASA FRESCA,,4
2025,Febrero,3,2025-02-03,VOLTEO – Día 1,4.0,LLUVIA - PERDIDA TOTAL,,4
